,name,website,phone
0,Andrew Skurman Architect,http://www.skurman.com,b'(415) 440-4480'
1,Butler Armsden Architects,http://www.butlerarmsden.com,b'(415) 674-5554'
2,Lundberg Design,http://www.lundbergdesign.com,b'(415) 695-0110'
3,MEMarchitecture Houman Sharif,http://memarchitecture.com,b'415.421.9000'
4,Sutro Architects,http://sutroarchitects.com/,b'415.956.3445'
5,Clay Seibert Rendering & Fine Art,http://www.clayseibert.com,b'415-822-5115'
6,As-Built Services,http://www.asbuiltservices.com,b'(800) 318-0099'
7,GFDS Engineers,http://www.gfdseng.com,b'(415) 512-1301'
8,GFDS Engineers,http://www.gfdseng.com,b'(415) 512-1301'
9,The Miller Law Firm,http://constructiondefects.com,b'(800) 403-3222'
10,"Fried & Williams, LLP",http://www.friedwilliams.com,b'(415) 421-0100'
11,"Breall & Breall, LLP",http://www.breallaw.com,b'(415) 345-0545'
12,"Fried & Williams, LLP",http://www.friedwilliams.com,b'(415) 421-0100'
13,"Delagnes, Linder & Duey, LLP",http://www.dldllp.com/,b'(415) 983-0500'
14,Appleseed Consultants,https://www.appleseedconsultants.com/,b'415.713.9134'
15,First Republic Bank,http://www.firstrepublic.com,b'(415) 296-3713'
16,Blue Coast Web,http://www.bluecoastweb.com/,b'415-462-8080'
17,Richards Design,http://www.richdesignsf.com,b'707-395-0660'
18,Costello & Sons Insurance,https://costelloandsons.com/,b'\xc3\xa2\xe2\x82\xac\xc2\xad(415) 257-2110\xc3\xa2\xe2\x82\xac\xc2\xac'
19,Risk Strategies/MacCorkle Insurance Service,https://www.risk-strategies.com/,b'650-762-0431'
20,Warman Security,http://www.warmansecurity.com,b'(415) 775-8513'
21,Alejandro Velarde,http://alejandrovelarde.com/,b'\xc3\xa2\xe2\x82\xac\xc2\xad(415) 308-0737\xc3\xa2\xe2\x82\xac\xc2\xac'
22,Tania Soderman Photography,http://www.taniasoderman.com/,b'(415) 307-4410'
23,"Independent Tax Representatives, LLC",http://www.itrsf.com,b'(415) 495-3333'
24,Blue Coast Web,http://www.bluecoastweb.com/,b'415-462-8080'
25,Synergy Environmental,http://www.synergycompanies.org/,b'(800) 439-9610'
26,Black Mountain Construction & Development,http://www.blackmountaindev.com,b'415-374-7463 x104'
27,"GGD, Inc.",http://www.ggd-inc.com,b'(415) 297-8142'
28,"Plath & Company, Inc.",http://plathco.com/,b'415-460-1575'
29,Upscale Construction,http://www.upscaleconstruction.com/,b'(415) 563-7550'
30,Artthaus,http://www.artthaus.com/,b'(415) 860-4158'
31,Whiteside Management,http://www.whitesidemgmt.com,b'415-738-4700'
32,Sierra Electric,http://www.sierraelectric.com,b'(415) 752-2850'
33,Acme Home Elevator,http://www.acmehomeelevator.com,b'(800) 888-5267'
34,Star Elevator,http://starelevator.com,b'(650) 631-3999'
35,Atlas Heating & Ventilating,http://www.atlasheat.com,b'(650) 873-7000'
36,Innovative Mechanical Heating & Air Conditioning,http://www.innovativemech.com,b'(650) 583-8222'
37,Peninsula Heating & Appliance Co.,http://peninsulaheatingbyjosephbyrnelic926857.com/,b'(650) 588-8208'
38,Lera Glass Inc.,http://www.leraglass.com,b'(650) 589-8919'
39,Gomez Iron Works,http://www.gomezironworks.com,b'(650) 992-7810'
40,Heather & French Painting,http://www.heatherandfrench.com/,b'415.282.6244'
41,MAG Painting Inc.,http://magpainting.com/,b'(650) 465-2756'
42,Magic Brush,http://www.magicbrush.net/,b'(415) 641-8622'
43,"Modamas, Inc.",http://www.modamas.com,b'(415) 472-4683'
44,SF Local Color,http://www.sflocalcolor.com/,b'(415) 389-8018'
45,Geotecnia,http://www.geotecnia.com/,b'(925) 686-6556'
46,Ocean Sash & Door,http://www.oceansashanddoor.com,b'(415) 863-1256'
47,Wooden Windows,http://www.woodenwindow.com,b'(877) 704-3667'
48,Building Momentum Inc.,http://www.buildingmomentum.com/,b'650-714-1269'
49,"Kemnitzer CM, LLC",http://kemnitzer.net/,b'415-328-8675'
50,Orion Construction Managers Inc.,http://orioncm.com/,b'415-666-9902'
51,Whiteside Management,http://www.whitesidemgmt.com,b'415-738-4700'
52,Cherin’s Kitchen Appliances,http://www.cherinsappliance.com,b'(415) 864-2111'
53,Fiber Care Carpet Cleaning,https://www.fibercarecarpetcleaning.com/,b'(415) 596-2323 or (415) 456-5343'
54,Le Flor Janitorial Service,http://www.leflorjanitorial.com/,b'\xc3\xa2\xe2\x82\xac\xc2\xad(415) 440-2447\xc3\xa2\xe2\x82\xac\xc2\xac'
55,"Ideal Restoration, Inc.",http://www.idealsf.com/,b'(415) 418-2420'
56,1-800-Got-Junk,http://www.1800gotjunk.com/us_en,b'1-800-468-5865'
57,"Cabrillo Plumbing, Heating & Cooling",http://www.discovercabrillo.com,b'(800) 908-3888'
58,Pribuss Engineering,http://www.pribuss.com/index.htm,b'(650) 588-0447'
59,Skaates Plumbing & Hydronics,http://www.skaates.com,b'(650) 347-1794'
60,Acme Roofing,http://www.acmeroofingsf.com,b'(415) 587-5869'
61,Tom Lee Roofing Inc.,http://www.tomleeroofing.com,b'(415) 333-5373'
62,"Anderberg Construction Consulting, Inc.",http://www.anderbergconsulting.com,b'(510) 482-2779'
63,Greenforce Window Pro,http://greenforcewindowpro.com/,b'(415) 864-4372'
64,Le Flor Janitorial Service,http://www.leflorjanitorial.com/,b'\xc3\xa2\xe2\x82\xac\xc2\xad(415) 440-2447\xc3\xa2\xe2\x82\xac\xc2\xac'
65,Melissa Teaff Catering,http://www.mtcatering.com,b'(707) 254-8160'
66,Taste Catering,http://www.tastecatering.com,b'(415) 550-6464'
67,Yacht Connections International,http://www.ycicharters.com,b'(415) 409-1888'
68,Sue Fisher King,http://www.suefisherking.com,b'(888) 811-7276'
69,Andavo Travel,http://www.andavotravel.com/,b'415-945-6206'
70,Bloomers,http://www.bloomerssf.com/,b'(415) 563-3266'
71,Pinon Design,http://pinondesign.com/,b'(415) 882-4688'
72,Garden Fantasia,http://www.gardenfantasia.com,b'(415) 517-4505'
73,Neo-American Gardens,http://neoamericangardens.com/index.htm,b'(415) 572-7431'
74,R S McDannell,http://www.rsmcdannell.com,b'(415) 656 9306'
75,Suzman & Cole Design Associates,http://www.suzmancole.com,b'(415) 252-0111'
76,Epic Spaces,http://www.epic-spaces.com,b'(415) 722-6090'
77,Katherine Webster Landscape Design,http://www.webstermla.com/home/,b'415.377.5933'
78,Topher Delaney,http://www.tdelaney.com,b'(415) 621-9899'
79,Weatherill & Associates,http://www.weatherillAssociates.com,b'(415) 994-4302'
80,Showplant Nurseries,http://www.showplantnurseries.com,b'(415) 863-7374'
81,Tree Shapers,http://www.treeshapers.com,b'(415) 239-2420'
82,Dogwalks.com,http://dogwalks.com/index.html,b'415-517-1541'
83,"Latch, So & Hwang Chiropractic",http://www.lsandh.com,b'(415) 775-4204'
84,Physiopuncture,http://www.physio-puncture.com/,b'(415) 763-5523'
85,Martin Yoga,http://martinyoga.com/,b'(415) 771-7742'
86,Alex Chases Salon,http://www.alexchasessalon.com/,b'510-333-0366'
87,Cowboys & Angels,http://www.cowboysandangelssf.com/,b'415-362-8516'
88,Little & Molligan,http://littleandmolligan.com,b'(415) 492-2877'
89,Burke (Katherine Delmar) School for Girls,http://www.kdbs.org,b'(415) 751-0177'
90,Cathedral (Grace Episcopal) School for Boys,http://www.cathedralschool.net,b'(415) 771-6600'
91,Children’s Day School,http://www.cds-sf.org/index.html,b'(415) 861-5432'
92,Convent of the Sacred Heart,http://www.sacred.sf.ca.us,b'(415) 563-2900'
93,Hamlin School,http://www.hamlin.org,b'(415) 922-0300'
94,Marin Country Day School,http://www.mcds.org,b'(415) 927-5900'
95,Saint Ignatius College Preparatory,http://www.siprep.org,b'(415) 731-7500'
96,San Dominico School,http://www.sandomenico.org/,b'(415) 258-1900'
97,San Francisco Day School,http://www.sfds.net,b'(415) 931-2422'
98,Stuart Hall for Boys,http://www.sacred.sf.ca.us/SHB/,b'(415) 563-2900'
99,Stuart Hall High School,http://www.sacred.sf.ca.us/SHHS/index.html,b'(415) 345-5811'
100,The Bay School of San Francisco,http://www.bayschoolsf.org,b'(415) 561-5800'
101,The Laurel School,http://www.thelaurelschool.com,b'(415) 752-3567'
102,Town School for Boys,http://www.townschool.com,b'(415) 921-3747'
103,University High School,http://www.sfuhs.org,b'(415) 447-3100'
104,Waldorf School,http://www.sfwaldorf.org,b'(415) 931-2750'
105,Melissa Cope Skincare & Make-up Studio,http://www.mcskincare.com,b'(415) 771-7546'
106,Mostovoy Dental,http://www.mostovoydental.com/,b'415-775-0974'
107,Pacific Women’s Obstetrics & Gynecology,http://www.pacificwomens.com/,b'(415) 379-9600'
108,San Francisco Towers,https://www.jtm-esc.org/san-francisco-towers/,b'415.776.0500'
109,Save Energy,http://www.saveenergyco.com,b'(415) 824-6010'
110,GCIS Inspections,http://www.gcisnow.com/,b'(415) 822-9090'
111,Presidio Transportation,johnnylee57@yahoo.com,b'(415) 246-0685'
112,ProTech Consulting & Engineering,http://www.protech-cal.com/,b'(650) 569-4020'
113,"Anderberg Construction Consulting, Inc.",http://www.anderbergconsulting.com,b'(510) 482-2779'
114,Blount Inspection Services & Environmental Testing,http://www.houseinspection.net,b'(415) 939-9901 '
115,GFDS Engineers,http://www.gfdseng.com,b'(415) 512-1301'
116,Audio Vision,http://www.audiovisionsf.com,b'(415) 614-1118'
117,Cherin’s Kitchen Appliances,http://www.cherinsappliance.com,b'(415) 864-2111'
118,Abbey Carpets,http://www.abbeycarpet.com,b'(415) 752-6620'
119,French Bros Flooring America,http://www.frenchbros.com,b'(415) 621-6627'
120,Arthur McLaughlin,http://www.arthurmclaughlin.com,b'(415) 673-6746'
121,Jeffers Design Group,http://jeffersdesigngroup.com/,b'415.921.8880 '
122,Ken Fulk Design,http://www.kenfulkdesign.com,b'(415) 285-1164'
123,Kendall Wilkinson,http://www.kwidesign.com,b'(415) 409-2299'
124,Orlando Diaz-Azcuy Design Associates,http://odada.net/,b'(415) 362-4500'
125,ScavulloDesign,http://scavullodesign.com/,b'(415) 658-8774'
126,The Wiseman Group,http://www.wisemangroup.com,b'(415) 282-2880'
127,Tobeler Design,http://www.tobelerdesign.com,b'(415) 252-9400'
128,Tucker & Marks,http://www.tuckerandmarks.com,b'(415) 445-6789'
129,Angela Free Interior Design,http://www.angelafreedesign.com,b'(415) 885-4193'
130,Georgina Rice & Co.,"http://www.georginarice.com
",b'415-241-7100'
131,Britex Fabrics,http://www.britexfabrics.com,b'415-392-2910'
132,"Tree Lovers Floors, Inc.",http://treeloversfloors.com/index.php,b'(415) 863-6833'
133,Visalli Floors,http://www.diamondcertified.org/sfvisalli.html,b'(415) 586-0307'
134,Flipp,http://www.flippsf.com,b'(415) 440-3547'
135,Sue Fisher King,http://www.suefisherking.com,b'(888) 811-7276'
136,Abbey Carpets,http://www.abbeycarpet.com,b'(415) 752-6620'
137,French Bros Flooring America,http://www.frenchbros.com,b'(415) 621-6627'
138,"Tree Lovers Floors, Inc.",http://treeloversfloors.com/index.php,b'(415) 863-6833'
139,Poggen Pohl,http://www.sanfrancisco.poggenpohl.com/seite/home.html,b'(415) 865-0443'
140,Get Neat,http://www.neatmethod.com/,b'630.235.5120'
141,Elisa Stancil Studios,http://www.elisastancil.com,b'(415) 902-6230'
142,Fitzgerald Studio,http://www.johannfitzgerald.com,b'(415) 308-8242'
143,Heather & French Painting,http://www.heatherandfrench.com/,b'415.282.6244'
144,MAG Painting Inc.,http://magpainting.com/,b'(650) 465-2756'
145,Magic Brush,http://www.magicbrush.net/,b'(415) 641-8622'
146,"Modamas, Inc.",http://www.modamas.com,b'(415) 472-4683'
147,Molto Bene Designer Wall Finishes,http://www.moltobenewalls.com/,b'408 677 7916'
148,SF Local Color,http://www.sflocalcolor.com/,b'(415) 389-8018'
149,Arthur McLaughlin,http://www.arthurmclaughlin.com,b'(415) 673-6746'
150,Green Couch Staging & Design,http://www.greencouchstaging.com,b'(415) 885-1944'
151,Ken Fulk Design,http://www.kenfulkdesign.com,b'(415) 285-1164'
152,"J & A Stone & Tile, Inc.",http://www.jastoneinc.com,b'(415) 602-4967'
153,Renaissance Stone Care,http://www.rscwp.com/,b'(415) 775-3211'
154,Angela Free Interior Design,http://www.angelafreedesign.com,b'(415) 885-4193'
155,Georgina Rice & Co.,"http://www.georginarice.com
",b'415-241-7100'
156,Quayle & Company Awnings,http://www.quayleawning.com,b'(415) 921-6007'
157,McRoskey Mattress Company,http://www.mcroskey.com/index.html,b'415-861-4532'
158,Haines Gallery,www.hainesgallery.com,b'415-397-8114'
159,"Changing-Places, Inc.",http://www.changing-places.com/,b'415-461-6257'
160,Byron Moving & Storage,http://www.byroncarefulmoving.com/,b'(415) 457-6683'
161,Elwell Trucking,http://elwelltruckinginc.com/,b'(415) 822-5500'
162,Johnson & Daly Moving & Storage,http://www.johnsondalymoving.com/,b'(415) 491-4444'
163,Chandler Properties,http://chandlerproperties.com/,b'(415) 921-5733'
164,Hanford Freund & Company,http://www.hanfordfreund.com/,b'(415) 981-5780'
165,J. Wavro Associates,http://www.jwavro.com/,b'(415) 306-1174'
166,First American Title Company,https://www.firstam.com/rep/kthompson/index.html,b'415-796-6136\xc3\xa2\xe2\x82\xac\xc2\xa8'
167,Warman Security,http://www.warmansecurity.com,b'(415) 775-8513'
168,ADT,http://www.adt.com,b'(800) 238-2727'
169,Comcast,http://www.comcast.com,b'(800) 436-1999'
170,DirecTV,http://www.directv.com//DTVAPP/index.jsp,
171,Tivo,http://www.tivo.com/,b'(877) 289-8486'
172,Recology - Golden Gate Disposal,http://www.sunsetscavenger.com/residentialServices.php,b'(415) 626-4000'
173,Recology - Sunset Scavenger,http://www.sunsetscavenger.com/residentialServices.php,b'(415) 330-1300'
174,SF Water Department,http://sfwater.org/index.aspx,b'(415) 551-3000'
175,Alhambra,http://www.alhambrawater.com,b'(800) 201-6218'
176,AT&T,http://www.att.com,b'(800) 288-2020'
177,New York Times,http://homedelivery.nytimes.com/HDS/HDSHome.do?mode=HDSHome,b'(800) 698-4637'
178,San Francisco Chronicle,"https://www.subscriber-services.com/sfchron/NSPromotions/Subscribe1.aspx?pid=95"" target=""_blank",b'(415) 777-1111'
179,Wall Street Journal,http://www.wsj.com,b'(800) 369-2834'
